id,section,subsection,title,details,price_crc,price_text,tags,url,contact_value,channel_number,locale,version
2eebd6ef-cd3e-46e4-a268-dd4830bf76aa,Compañía,Quiénes Somos,Descripción,"American Data Networks S.A. (ADN) fundada en 2005. Equipo con más de 15 años de experiencia en telecomunicaciones.
Enfoque 100 % en calidad de servicio y soporte oportuno. Actualización constante de tecnologías para brindar servicios de clase mundial.
Opción de transporte nacional e internacional de alta capacidad de datos en Costa Rica; permite optimizar y expandir redes de forma segura y rápida.",,,"empresa, historia, calidad, telecomunicaciones",,,,es_CR,v1.3
c5c1b922-f293-4545-95d0-015e3f5ee199,Compañía,Misión,Misión,"Ser la primera opción en servicios de telecomunicación, brindando innovación constante e infraestructura tecnológica de alto nivel para el transporte de datos de forma rápida, eficiente y segura.",,,"mision, estrategia",,,,es_CR,v1.3
644260a2-c472-4a3e-a134-a7e898c89e9c,Compañía,Visión,Visión,"Ser la compañía líder en vanguardia tecnológica del mercado de telecomunicaciones, con enfoque claro en clientes y estándares de clase mundial.",,,"vision, estrategia",,,,es_CR,v1.3
6c7c5a7d-88c7-4b9e-8ddd-18b1440551ef,Compañía,Ubicación,Dirección física,"San José, San José, Mata Redonda, Sabana Sur, 75 m Oeste de la Contraloría General de la República, Edificio La Colmena.",,,"direccion, ubicacion",,,,es_CR,v1.3
c02f9e01-0576-472c-92fe-43cba7e8a15b,Contacto,Canales,Teléfono,Teléfono principal de contacto y soporte.,,,"telefono, contacto",,+506 4050-5050,,es_CR,v1.3
60976f4b-09e8-4f74-83e0-b9dd6bfc41fd,Contacto,Canales,WhatsApp,Canal de WhatsApp para ventas y soporte.,,,"whatsapp, contacto",,+506 7087-8240,,es_CR,v1.3
f873991e-818c-42f6-9912-035ef708c648,Contacto,Canales,Correo información/comercial,Correo para información general y consultas comerciales.,,,"correo, ventas",,info@data.cr,,es_CR,v1.3
4c2f614a-8942-4db4-9658-0d14fcf638a3,Contacto,Canales,Correo soporte técnico,Soporte técnico por correo.,,,"correo, soporte",,helpdesk@data.cr,,es_CR,v1.3
ad87480d-7060-46d0-a3e9-3804b4b08172,Contacto,Horarios,Soporte técnico 24/7,Soporte técnico disponible 24/7.,,,"soporte, horario",,,,es_CR,v1.3
afc14b25-7e30-4321-9c37-25b19a9cca0b,Contacto,Horarios,Horario administrativo,"Lunes a viernes, 7:00 a. m. – 5:00 p. m.",,,"administrativo, horario",,,,es_CR,v1.3
296fd3b2-0963-4173-b5da-bcd9fc8a8b7d,Residencial,Beneficios,Velocidades simétricas,Sube y descarga contenido al mismo tiempo sin pérdida de calidad.,,,"simetrico, subida, bajada",,,,es_CR,v1.3
cf661117-f7ad-4f72-b7a2-b0c5ad1fa547,Residencial,Beneficios,Wi-Fi confiable en todo el hogar,Conectividad fluida en cada rincón del hogar gracias a tecnología de última generación.,,,"wifi, hogar",,,,es_CR,v1.3
f75092dc-2a27-410e-83e6-830a8b9fe25f,Residencial,Beneficios,Conexión estable 24/7,Rendimiento consistente incluso en horas de alta demanda.,,,"estabilidad, uptime",,,,es_CR,v1.3
356fc911-7f86-4b13-a660-edd50f02fdd3,Residencial,Beneficios,"Ideal para streaming, gaming, videollamadas y teletrabajo",Experiencia en línea sin interrupciones con múltiples dispositivos conectados simultáneamente.,,,"streaming, gaming, teletrabajo",,,,es_CR,v1.3
b0d06a17-4fe9-4a4f-9c7e-b4cca9f8934d,Residencial,Beneficios,Soporte técnico en ≤ 90 minutos,"En caso de fallos, se envía un técnico en moto al hogar en 90 minutos o menos.",,,"sla, soporte, tiempos",,,,es_CR,v1.3
5a88bb7f-cfe5-4fdf-9e71-809d6ba74224,Residencial,Planes,Plan 100/100 Mbps,"Plan residencial simétrico. Incluye Equipo Wi-Fi, Firewall y Soporte 24/7.",20500,₡20 500 IVI,"plan, 100, residencial",,,,es_CR,v1.3
1cc50467-903d-438b-bef9-7823172fda60,Residencial,Planes,Plan 250/250 Mbps,"Plan residencial simétrico. Incluye Equipo Wi-Fi, Firewall y Soporte 24/7.",26600,₡26 600 IVI,"plan, 250, residencial",,,,es_CR,v1.3
f4223cc7-1050-4701-a2e9-e54677e44f75,Residencial,Planes,Plan 500/500 Mbps (más popular),"Plan residencial simétrico. Incluye Equipo Wi-Fi, Firewall y Soporte 24/7.",33410,₡33 410 IVI,"plan, 500, residencial, popular",,,,es_CR,v1.3
168d2d39-bb11-411c-9ffe-1aa332b41bb8,Residencial,Planes,Plan 1/1 Gbps,"Plan residencial simétrico. Incluye Equipo Wi-Fi, Firewall y Soporte 24/7.",49500,₡49 500 IVI,"plan, 1000, residencial",,,,es_CR,v1.3
f099871e-21f7-43e6-879a-2a159f8bf579,Precios,Impuestos,IVA y otros,"Precios publicados incluyen IVI: IVA 13 %, 1 % Cruz Roja y 0,75 % 9-1-1.",,,"impuestos, ivi, iva",,,,es_CR,v1.3
9ed260aa-ba41-490d-bc95-bb8a9afcc8f0,Residencial,Activación,Paso 1 – Revisar cobertura,Haz clic para revisar cobertura por dirección o consúltanos por WhatsApp.,,,"cobertura, pasos",https://data.cr/cobertura,,,es_CR,v1.3
e808f8fa-9e86-47f5-821c-3ecf878e6644,Residencial,Activación,Paso 2 – Contacto,"Contáctanos por teléfono, WhatsApp o formulario en línea.",,,"contacto, pasos",,,,es_CR,v1.3
4dec89b0-bab3-46af-afca-9b31c908d45d,Residencial,Activación,Paso 3 – Agendamiento,Agendamos la instalación en el horario que te convenga.,,,"agenda, instalacion, pasos",,,,es_CR,v1.3
e9730a97-5d4d-4a1f-8d13-6dd658731bcd,Residencial,Activación,Paso 4 – Instalación técnica,Nuestro técnico realiza la instalación y conecta la línea con calidad garantizada.,,,"tecnico, instalacion, pasos",,,,es_CR,v1.3
27b7e363-b7fb-4f78-8e5d-3b6513a347e9,Residencial,FAQ,¿Cuánto se tarda en hacer la instalación?,"Para planes residenciales, la instalación se realiza entre 48 y 72 horas posteriores a la compra.
Durante la compra en el sitio web, el usuario selecciona fecha y hora según disponibilidad.
- Si la compra es antes de las 4:00 p. m., la instalación está disponible 48 horas después.
- Si la compra es después de las 4:00 p. m., la instalación está disponible 72 horas después.
El equipo técnico llega en la fecha y hora elegidas para configurar, probar y dejar el servicio operativo.
Para servicios empresariales, el tiempo puede variar según requerimientos específicos.",,,"faq, instalacion, tiempos",,,,es_CR,v1.3
62b5a03c-db91-49a4-b105-998434653a8d,Residencial,Promociones,Tercer mes gratis,Promoción vigente: el tercer mes es gratis al activar hoy. Aplican términos.,,,"promocion, mes gratis",,,,es_CR,v1.3
64196d27-b9b0-4dad-a3cc-00ee0ee15d2b,IPTV,Resumen,Servicio IPTV,Más de 100 canales disponibles. Se puede añadir a cualquier plan residencial.,,,"iptv, tv",,,,es_CR,v1.3
0d52df2b-79b5-4802-9bfa-8d87c465b9f5,IPTV,Dispositivos,Límite de dispositivos,El cliente puede comprar hasta 10 dispositivos IPTV al momento de la compra.,,,"dispositivos, limite",,,,es_CR,v1.3
7c81180e-d14d-407a-8fde-0c62e89f17b3,IPTV,Precios,Precio por dispositivo IPTV,Cada dispositivo IPTV tiene un valor de ₡4 590 IVI.,4590,₡4 590 IVI,"precio, iptv",,,,es_CR,v1.3
270f6214-af51-4c06-ab03-1bdd7228259b,Telefonía,Resumen,Telefonía Residencial,Servicio de telefonía VoIP residencial como adicional a planes de Internet.,,,"telefonia, voip, residencial",,,,es_CR,v1.3
c54bbc31-0e4d-49a3-953b-4d957866a06c,Telefonía,Precios,Costo mensual telefonía residencial,Precio por añadir telefonía residencial.,3590,₡3 590 IVI/mes,"precio, telefonia, residencial",,,,es_CR,v1.3
3535c208-2d4a-46a7-ac46-9754949f46b5,Empresarial,Servicios,Fibra Óptica,Máxima velocidad y estabilidad para operaciones críticas de negocio.,,,"fibra, empresarial",,,,es_CR,v1.3
641132e7-363e-4cf5-8623-59023cf02d4d,Empresarial,Servicios,Data center y redes administradas,Monitoreo y gestión proactiva para optimizar la infraestructura de TI.,,,"datacenter, redes, gestion",,,,es_CR,v1.3
29cc49d8-94cb-4fe8-8590-edec1526c235,Empresarial,Servicios,Telefonía VoIP,"Comunicación sobre Internet con menor costo y funcionalidades avanzadas: conferencias, transferencia de llamadas, etc.",,,"voip, telefonia, empresarial",,,,es_CR,v1.3
b7290ae4-bab1-4cd0-8c19-e143c858a7ff,Empresarial,Servicios,Soporte 24/7,Soporte técnico especializado disponible en todo momento.,,,"soporte, 24/7",,,,es_CR,v1.3
db0d6c16-b970-4d8b-9a4b-c0d5298b3208,Empresarial,Servicios,Seguridad,"Protección integral contra malware, phishing y ransomware; asegura continuidad y confidencialidad.",,,"seguridad, ciberseguridad",,,,es_CR,v1.3
f89f48e4-77b7-41fb-8673-6c80e4b8c628,Empresarial,Servicios,Firewall gestionado,Bloqueo de accesos no autorizados y prevención de ataques; soluciones personalizadas.,,,"firewall, seguridad",,,,es_CR,v1.3
16e6811f-c390-4191-bfb2-04c3a3326cba,Privacidad,Introducción,Introducción,ADN valora y respeta la privacidad y cumple leyes aplicables de protección de datos.,,,"privacidad, introduccion",,,,es_CR,v1.3
94c35999-d087-48e6-b846-c8ca1544b636,Privacidad,Datos,Datos de contacto,"Nombre, identificación, dirección, correo electrónico y número de teléfono.",,,"datos, contacto",,,,es_CR,v1.3
d6b1bff1-4f6a-483e-acd3-cd690e7d5d80,Privacidad,Datos,Información de pago,Detalles de tarjetas de crédito/débito y cuentas bancarias.,,,"datos, pago",,,,es_CR,v1.3
423f6e5a-b339-4c68-8ede-65c005c53011,Privacidad,Datos,Datos de uso,Información del uso del servicio de Internet: direcciones IP y historial de navegación.,,,"datos, uso",,,,es_CR,v1.3
3186a371-fd80-47f8-af3d-8598a72831c5,Privacidad,Datos,Información técnica,"Datos de dispositivos usados para acceder a los servicios: tipo de dispositivo, sistema operativo y navegador.",,,"datos, tecnico",,,,es_CR,v1.3
934c2dfd-8c80-4e43-9a0a-f1ace9915faf,Privacidad,Finalidades,Prestación de servicios,"Proporcionar, mantener y mejorar los servicios de Internet.",,,"finalidad, servicio",,,,es_CR,v1.3
3fc8326b-cb22-4bcf-9ee9-6e0b2c2e14ee,Privacidad,Finalidades,Facturación y pagos,Procesamiento de transacciones y gestión de pagos.,,,"finalidad, pagos",,,,es_CR,v1.3
ba7cf5a3-f07c-43a6-8e78-5d99351d6803,Privacidad,Finalidades,Soporte al cliente,"Atender consultas, solicitudes y resolver problemas técnicos.",,,"finalidad, soporte",,,,es_CR,v1.3
7f47abe8-e1e7-4073-8a68-dc7cd8fe5294,Privacidad,Finalidades,Marketing y comunicaciones,"Enviar información sobre productos, servicios, promociones y eventos con consentimiento previo.",,,"finalidad, marketing",,,,es_CR,v1.3
c3a3491c-b72b-4f77-bd3e-556115eb92e2,Privacidad,Finalidades,Cumplimiento legal,Cumplir obligaciones legales y reguladoras.,,,"finalidad, legal",,,,es_CR,v1.3
844faf71-fc30-4860-b003-d0efa2db0eb0,Privacidad,Divulgación,Proveedores de servicios,"Se comparte información con terceros que prestan servicios (pagos, soporte, marketing).",,,"divulgacion, terceros",,,,es_CR,v1.3
9a187995-8f5f-4115-b513-742ffcc067e2,Privacidad,Divulgación,Obligaciones legales,Se divulga información cuando la ley lo requiera o por procesos legales.,,,"divulgacion, legal",,,,es_CR,v1.3
6f511449-9ed0-4f78-89b7-6b3095f6dfae,Privacidad,Seguridad,Seguridad de los datos,"Medidas razonables: cifrado, controles de acceso y políticas internas.",,,"seguridad, datos",,,,es_CR,v1.3
511c00da-bbeb-4495-8d89-7709667600bf,Privacidad,Retención,Retención de datos,Conservación solo por el tiempo necesario o exigido por ley.,,,"retencion, datos",,,,es_CR,v1.3
786990f2-bd7e-4d1d-bc35-24e11a2aa94f,Privacidad,Derechos,Derechos del cliente,"Acceso, rectificación, eliminación, restricción, oposición y portabilidad de datos.",,,"derechos, cliente",,,,es_CR,v1.3
772c2a2a-0d93-44f8-9b19-e7ed759cb5bc,Privacidad,Cambios,Cambios a la política,ADN puede actualizar la política y lo notificará por sus canales habituales.,,,"cambios, politica",,,,es_CR,v1.3
bac827a6-01e7-45c4-a555-9b16acb76a86,Privacidad,Contacto,Contacto privacidad,"Consultas de privacidad: info@data.cr, (+506) 4050-5050, dirección: La Colmena, Sabana Sur, San José.",,,"contacto, privacidad",,,,es_CR,v1.3
2e0291d0-1373-4cfb-bdbe-fe98b11f92da,Cobertura,General,Cobertura nacional,Conectamos hogares y empresas en Costa Rica. Verificar cobertura por dirección antes de contratar.,,,"cobertura, nacional",https://data.cr/cobertura,,,es_CR,v1.3
d5854021-59d6-47b3-ac0d-84a00ffa1b82,Cobertura,Consulta,¿Cómo consultar cobertura?,"Ingresa a https://data.cr/cobertura o comparte tu dirección exacta por este medio (Provincia, Cantón, Distrito, Condominio/Dirección exacta).",,,"cobertura, consulta, direccion",https://data.cr/cobertura,,,es_CR,v1.3
1a2b74ba-b597-4136-815e-ef0313b17893,Contratación,WhatsApp,¿Puedo contratar por este medio (WhatsApp)?,"Sí. Un asesor verifica cobertura, recomienda plan, registra tus datos y comparte el enlace de pago/agenda. Ten a mano: cédula, dirección exacta y disponibilidad de horarios.",,,"contratar, whatsapp, asesor",,,,es_CR,v1.3
897de33f-01fd-4b34-9918-dbbe70a5a185,Contratación,Online,¿Cómo contratar mi servicio en línea?,"1) Verifica tu cobertura primero: visita https://data.cr/cobertura o comparte la dirección exacta por WhatsApp (Provincia, Cantón, Distrito, Condominio/Dirección exacta).
2) Elige el canal de contratación: por este mismo medio (WhatsApp) o directamente en https://data.cr/adquirir-servicios.
3) Selecciona tu plan (100/100, 250/250, 500/500 o 1 Gbps) y los adicionales (IPTV y/o Telefonía).
4) Completa el formulario de checkout con tu Información Personal: Tipo de cédula, Cédula, Nombre, Correo electrónico, Celular y Teléfono (opcional).
5) Completa la Información de Ubicación: selecciona un Condominio de la lista disponible (integración ONVO). Los campos de Provincia, Cantón y Distrito se precargan según el condominio. Indica Número de casa/apartamento y torre.
6) Agenda la instalación: escoge una fecha disponible y una hora entre los bloques ofrecidos (por ejemplo, 08:00 o 14:00).
7) Información Legal obligatoria: sube las fotos de la cédula (frontal y posterior) y firma digitalmente aceptando los términos y condiciones.
8) Pago: procesa el pago mediante ONVO Pay con tarjeta; también se aceptan SINPE Móvil y transferencia bancaria según instrucciones.
9) Confirmación: recibirás confirmación de compra y programación. La instalación se realiza entre 48 y 72 horas según el horario de compra (antes/después de las 4:00 p. m.).",,,"contratar, online, checkout, onvo, agenda, firma, pago",https://data.cr/adquirir-servicios,,,es_CR,v1.3
091de4d7-3792-4fc6-812f-2d9e42e166d3,Pagos,Métodos,Métodos de pago disponibles,"Opciones: pago con tarjeta en la página web (pasarela ONVO Pay), SINPE Móvil y transferencia bancaria.
Bancos afiliados: BAC Credomatic, BCR, Banco Nacional, BCT, Banco Lafise, Banco Popular.",,,"pagos, sinpe, transferencia, tarjeta, bancos",,,,es_CR,v1.3
ca7d2186-ddb2-4df8-bd13-3cfb719adecb,Pagos,ONVO Pay,¿Qué es ONVO Pay?,Pasarela de pago en línea para transacciones rápidas y seguras con tarjetas de crédito o débito; garantiza una experiencia de pago confiable y segura.,,,"onvopay, pasarela, tarjeta",,,,es_CR,v1.3
b43ad1d7-dfe0-4818-9585-75f8c4c35c85,Soporte,Herramientas,Línea Gratuita,Opción de soporte denominada 'Línea Gratuita'. Número provisto en canales oficiales.,,,"soporte, linea gratuita",,,,es_CR,v1.3
46566070-1cf0-47ed-979d-69848ca3e949,Soporte,Herramientas,Correo de Soporte,Canal de contacto para soporte técnico por correo: helpdesk@data.cr,,,"soporte, correo",,helpdesk@data.cr,,es_CR,v1.3
0d9a46fb-2f3a-41bc-a506-745c6d46e3c8,Soporte,Herramientas,Test de velocidad,Herramienta indicada en el sitio para comprobar la velocidad de conexión.,,,"soporte, test velocidad",,,,es_CR,v1.3
0a794fa0-3649-4cb2-8b64-47e10ff9b047,Compañía,Conócenos,Quiénes Somos (Sección del sitio),"Sección del sitio con información corporativa (misión, visión, historia).",,,"empresa, quienes somos",,,,es_CR,v1.3
e4db580d-48f2-4a4a-804e-5b16633d7cde,Compañía,Conócenos,Noticias (Sección del sitio),Sección de noticias/actualizaciones corporativas.,,,"empresa, noticias",,,,es_CR,v1.3
6332d2aa-fe81-481a-a767-97d9bd7b0ada,Servicios,Catálogo,Residencial (Sección del sitio),Sección de servicios residenciales en el sitio.,,,"servicios, residencial",,,,es_CR,v1.3
22ae6c2e-e183-418b-a131-f81eddc28699,Servicios,Catálogo,Empresarial (Sección del sitio),Sección de servicios empresariales en el sitio.,,,"servicios, empresarial",,,,es_CR,v1.3
23186c76-8dec-4546-ab31-83249ac882f6,Servicios,Pagos,Canales de Pago (Sección del sitio),"Sección con métodos de pago: ONVO Pay (tarjeta), SINPE Móvil y transferencia bancaria.",,,"pagos, onvo, sinpe, transferencia",,,,es_CR,v1.3
9bb0e201-6d04-4820-bc06-6932b4b9333f,Servicios,Equipos,Nuestros Equipos (Sección del sitio),Sección que referencia equipamiento del servicio.,,,"equipos, hardware",,,,es_CR,v1.3
92c4b1c8-53d0-49a8-b835-8ed0124cee58,Servicios,Listas,Lista de Canales (Sección del sitio),Sección del sitio con la lista completa de canales IPTV.,,,"iptv, canales",,,,es_CR,v1.3
9676e5ea-6c47-470c-ac4a-e48dd8b34c5d,Servicios,Consultas,Consultas (Sección del sitio),Sección general para consultas a la compañía.,,,"consultas, contacto",,,,es_CR,v1.3
25265259-e690-4640-b1f6-088cc449ddaf,IPTV,Canales,Canal 1,Canal disponible en la grilla IPTV: Canal 1.,,,"canal, iptv",,,1,es_CR,v1.3
8dade9a7-343b-4ab6-aed4-bc312282d7ee,IPTV,Canales,Canal 2 CDR,Canal disponible en la grilla IPTV: Canal 2 CDR.,,,"canal, iptv",,,2,es_CR,v1.3
78e9b957-14ea-4341-a58e-7d628b54a8f4,IPTV,Canales,Antena 6,Canal disponible en la grilla IPTV: Antena 6.,,,"canal, iptv",,,3,es_CR,v1.3
282abe07-9f8e-4624-a08b-608c11600f21,IPTV,Canales,Canal 4,Canal disponible en la grilla IPTV: Canal 4.,,,"canal, iptv",,,4,es_CR,v1.3
7142dfd7-e0ff-43fa-9394-c299217aab8d,IPTV,Canales,Trivision,Canal disponible en la grilla IPTV: Trivision.,,,"canal, iptv",,,5,es_CR,v1.3
0b4cc319-d075-40e5-ae93-161eb2f61cbd,IPTV,Canales,Canal 6,Canal disponible en la grilla IPTV: Canal 6.,,,"canal, iptv",,,6,es_CR,v1.3
9cc1d6a7-eb36-479b-a8aa-d74d81442b9f,IPTV,Canales,Canal 7,Canal disponible en la grilla IPTV: Canal 7.,,,"canal, iptv",,,7,es_CR,v1.3
a089deb1-ebff-426b-adf8-9930a15c43f5,IPTV,Canales,Multimedios,Canal disponible en la grilla IPTV: Multimedios.,,,"canal, iptv",,,8,es_CR,v1.3
0e32b018-b755-42b0-894f-7fb23d044020,IPTV,Canales,UCR,Canal disponible en la grilla IPTV: UCR.,,,"canal, iptv",,,9,es_CR,v1.3
f983ba90-024c-4879-9667-7ff28b41fa3b,IPTV,Canales,ExtraTV 42,Canal disponible en la grilla IPTV: ExtraTV 42.,,,"canal, iptv",,,10,es_CR,v1.3
0605b77a-86d0-4a6d-bd3c-bdfce38c42cf,IPTV,Canales,Canal 11,Canal disponible en la grilla IPTV: Canal 11.,,,"canal, iptv",,,11,es_CR,v1.3
1c93646d-0bee-4ae4-8646-c25f26741f4a,IPTV,Canales,OPA TV,Canal disponible en la grilla IPTV: OPA TV.,,,"canal, iptv",,,12,es_CR,v1.3
305cd263-a174-4076-bec0-d2444464345b,IPTV,Canales,Sinart - Canal 13,Canal disponible en la grilla IPTV: Sinart - Canal 13.,,,"canal, iptv",,,13,es_CR,v1.3
5d447919-98cd-4177-9716-19259836ebb2,IPTV,Canales,CB TV,Canal disponible en la grilla IPTV: CB TV.,,,"canal, iptv",,,14,es_CR,v1.3
dd691e9c-f034-4a85-8ab5-f812febf7563,IPTV,Canales,Limon TV,Canal disponible en la grilla IPTV: Limon TV.,,,"canal, iptv",,,15,es_CR,v1.3
2329a0fc-04d6-45ea-8d2c-27d297153198,IPTV,Canales,Nicoya TV,Canal disponible en la grilla IPTV: Nicoya TV.,,,"canal, iptv",,,16,es_CR,v1.3
688b72c2-1f5b-4b55-bdaa-13861ea1b478,IPTV,Canales,TV Sur,Canal disponible en la grilla IPTV: TV Sur.,,,"canal, iptv",,,17,es_CR,v1.3
9198a068-b6b0-4333-8100-be345ad4eb26,IPTV,Canales,TV Plus,Canal disponible en la grilla IPTV: TV Plus.,,,"canal, iptv",,,18,es_CR,v1.3
501ac0ae-99f8-48f8-851e-a7e4b16e2064,IPTV,Canales,TicaVision,Canal disponible en la grilla IPTV: TicaVision.,,,"canal, iptv",,,19,es_CR,v1.3
dba85efc-4823-4790-9909-a8d93b7271b3,IPTV,Canales,Xpert TV,Canal disponible en la grilla IPTV: Xpert TV.,,,"canal, iptv",,,20,es_CR,v1.3
fa3c40b3-8539-4b20-87a6-b4e7db53acc8,IPTV,Canales,Telered,Canal disponible en la grilla IPTV: Telered.,,,"canal, iptv",,,21,es_CR,v1.3
61a796ec-e44c-49b0-8e6f-a12416806107,IPTV,Canales,Telesistema,Canal disponible en la grilla IPTV: Telesistema.,,,"canal, iptv",,,22,es_CR,v1.3
4dc3b924-160c-4cdd-8bef-8fd25376d406,IPTV,Canales,Canal de las Estrellas,Canal disponible en la grilla IPTV: Canal de las Estrellas.,,,"canal, iptv",,,23,es_CR,v1.3
6604e974-5605-4981-9018-28264fc567d7,IPTV,Canales,TV Novelas Centro,Canal disponible en la grilla IPTV: TV Novelas Centro.,,,"canal, iptv",,,24,es_CR,v1.3
97773cf3-2149-4f8c-bd50-bfef8298729f,IPTV,Canales,Univision Lat,Canal disponible en la grilla IPTV: Univision Lat.,,,"canal, iptv",,,25,es_CR,v1.3
c91aa26a-35f7-45be-b07c-16084ed6a731,IPTV,Canales,De Película,Canal disponible en la grilla IPTV: De Película.,,,"canal, cine, iptv",,,26,es_CR,v1.3
f689dbb0-c05f-4e2e-8555-fd0fb4745fa8,IPTV,Canales,Distrito Comedia,Canal disponible en la grilla IPTV: Distrito Comedia.,,,"canal, iptv",,,27,es_CR,v1.3
10adbe26-7c3d-4959-b84a-807896b9e5ab,IPTV,Canales,BEXTV,Canal disponible en la grilla IPTV: BEXTV.,,,"canal, iptv",,,28,es_CR,v1.3
7534c543-4c3f-434f-b8dd-560b3481bbfe,IPTV,Canales,AXN,Canal disponible en la grilla IPTV: AXN.,,,"canal, cine, iptv",,,29,es_CR,v1.3
2d0a1f9b-1389-4cfe-ac55-1af99633484b,IPTV,Canales,A&E,Canal disponible en la grilla IPTV: A&E.,,,"canal, cine, iptv",,,30,es_CR,v1.3
c6f8160f-96ea-4de7-9fc2-bac9e071310b,IPTV,Canales,Golden,Canal disponible en la grilla IPTV: Golden.,,,"canal, cine, iptv",,,31,es_CR,v1.3
fee07435-5320-4746-a404-84c40d530413,IPTV,Canales,Golden Edge,Canal disponible en la grilla IPTV: Golden Edge.,,,"canal, cine, iptv",,,32,es_CR,v1.3
79867e6f-08b8-4a81-8e69-d498928ca1bc,IPTV,Canales,LifeTime,Canal disponible en la grilla IPTV: LifeTime.,,,"canal, iptv",,,33,es_CR,v1.3
b505de71-75cd-4fc6-98e7-8266f85d9b76,IPTV,Canales,Star Channel,Canal disponible en la grilla IPTV: Star Channel.,,,"canal, cine, iptv",,,34,es_CR,v1.3
cd76c9b4-5142-433b-ac70-84f3562de850,IPTV,Canales,Sony Entertainment TV,Canal disponible en la grilla IPTV: Sony Entertainment TV.,,,"canal, cine, iptv",,,35,es_CR,v1.3
e8c81a72-b905-4040-a34d-d921344e86f7,IPTV,Canales,Sony Movies,Canal disponible en la grilla IPTV: Sony Movies.,,,"canal, cine, iptv",,,36,es_CR,v1.3
1c84c008-10e0-4003-8045-11b8623d32b7,IPTV,Canales,Paramount,Canal disponible en la grilla IPTV: Paramount.,,,"canal, cine, iptv",,,37,es_CR,v1.3
5eedcf47-ab9e-4216-8134-6bcc56ff9cee,IPTV,Canales,AMC,Canal disponible en la grilla IPTV: AMC.,,,"canal, cine, iptv",,,38,es_CR,v1.3
0b0e3d54-8ecf-46d9-b462-4012b6ccce0d,IPTV,Canales,History Channel,Canal disponible en la grilla IPTV: History Channel.,,,"canal, iptv",,,39,es_CR,v1.3
3c3f40fc-9d1f-402c-9c83-79e097c46116,IPTV,Canales,History Channel 2,Canal disponible en la grilla IPTV: History Channel 2.,,,"canal, iptv",,,40,es_CR,v1.3
a4238fbc-913c-47f3-a6a6-5b5a230f3968,IPTV,Canales,GOURMET,Canal disponible en la grilla IPTV: GOURMET.,,,"canal, iptv",,,41,es_CR,v1.3
0bb72445-2a4e-40f9-a057-41bc261a28a6,IPTV,Canales,MasChic,Canal disponible en la grilla IPTV: MasChic.,,,"canal, iptv",,,42,es_CR,v1.3
0439dbe3-1958-46ca-aecb-5c4f8102b0d2,IPTV,Canales,Disney,Canal disponible en la grilla IPTV: Disney.,,,"canal, infantil, iptv",,,43,es_CR,v1.3
1024d349-989e-4cf7-a53d-e50031037cde,IPTV,Canales,Europa,Canal disponible en la grilla IPTV: Europa.,,,"canal, iptv",,,44,es_CR,v1.3
77eb98c7-1927-44d1-a4dd-20e4aeefed89,IPTV,Canales,Cine Familiar,Canal disponible en la grilla IPTV: Cine Familiar.,,,"canal, cine, iptv",,,45,es_CR,v1.3
f6aeeb6d-ea4f-4342-92a0-1226b47e289b,IPTV,Canales,Cine Premium,Canal disponible en la grilla IPTV: Cine Premium.,,,"canal, cine, iptv",,,46,es_CR,v1.3
f92ec28a-ac9c-4e2f-a284-be11ee3eae7d,IPTV,Canales,Cine Hispano,Canal disponible en la grilla IPTV: Cine Hispano.,,,"canal, cine, iptv",,,47,es_CR,v1.3
c657ca56-da49-4289-b6de-df3a77189de4,IPTV,Canales,Canal Infantil,Canal disponible en la grilla IPTV: Canal Infantil.,,,"canal, infantil, iptv",,,48,es_CR,v1.3
4ac5c3c0-8e66-4ead-b968-047f876d34e6,IPTV,Canales,XKIDS,Canal disponible en la grilla IPTV: XKIDS.,,,"canal, infantil, iptv",,,49,es_CR,v1.3
53472b61-095b-4c17-b4bf-a13c8a2caa55,IPTV,Canales,Baby TV,Canal disponible en la grilla IPTV: Baby TV.,,,"canal, infantil, iptv",,,50,es_CR,v1.3
13f120b4-5e80-47f7-b82d-9f435d4bc683,IPTV,Canales,Nick Jr,Canal disponible en la grilla IPTV: Nick Jr.,,,"canal, infantil, iptv",,,51,es_CR,v1.3
dff1125d-5f06-42a6-bd24-ccccb92e157b,IPTV,Canales,Nick LA,Canal disponible en la grilla IPTV: Nick LA.,,,"canal, infantil, iptv",,,52,es_CR,v1.3
a74e3260-4d26-4929-b614-f0784abb1025,IPTV,Canales,BitME,Canal disponible en la grilla IPTV: BitME.,,,"canal, iptv",,,53,es_CR,v1.3
ed6327bf-f0a3-4e91-a4aa-dcad4725a4b6,IPTV,Canales,Films&Arts,Canal disponible en la grilla IPTV: Films&Arts.,,,"canal, cine, iptv",,,54,es_CR,v1.3
09b29ebf-73ee-4b9d-a81b-456411f5b027,IPTV,Canales,MIMUSICA Regional,Canal disponible en la grilla IPTV: MIMUSICA Regional.,,,"canal, iptv, musica",,,55,es_CR,v1.3
aac0d680-f3fd-4cb3-a393-eebcfb04c239,IPTV,Canales,MIMUSICA Reggaeton,Canal disponible en la grilla IPTV: MIMUSICA Reggaeton.,,,"canal, iptv, musica",,,56,es_CR,v1.3
3937731c-1ce1-410f-a33b-83f57bd0b68f,IPTV,Canales,MIMUSICA Romantica,Canal disponible en la grilla IPTV: MIMUSICA Romantica.,,,"canal, iptv, musica",,,57,es_CR,v1.3
2c28ef52-8f32-4722-a32b-6d69e24b8c31,IPTV,Canales,Urbano,Canal disponible en la grilla IPTV: Urbano.,,,"canal, iptv, musica",,,58,es_CR,v1.3
3990b152-f925-4063-8990-1ece06fd9feb,IPTV,Canales,SOY,Canal disponible en la grilla IPTV: SOY.,,,"canal, iptv",,,59,es_CR,v1.3
87f0e581-c06d-4db5-85b6-652ddb7ba2a4,IPTV,Canales,VM Latino,Canal disponible en la grilla IPTV: VM Latino.,,,"canal, iptv, musica",,,60,es_CR,v1.3
b836635d-597b-42f3-b5e2-89d395ff03b5,IPTV,Canales,Vintage Music,Canal disponible en la grilla IPTV: Vintage Music.,,,"canal, iptv, musica",,,61,es_CR,v1.3
80cf92c8-7fa8-4849-8d27-b6c3adb564ac,IPTV,Canales,MIMUSICA Hits,Canal disponible en la grilla IPTV: MIMUSICA Hits.,,,"canal, iptv, musica",,,62,es_CR,v1.3
68ad714d-1d01-4f1d-bc15-038a204d381c,IPTV,Canales,TeleHIT,Canal disponible en la grilla IPTV: TeleHIT.,,,"canal, iptv, musica",,,63,es_CR,v1.3
114b39fe-f6ba-46cc-b5fe-41f400c187be,IPTV,Canales,Telehit Musica,Canal disponible en la grilla IPTV: Telehit Musica.,,,"canal, iptv, musica",,,64,es_CR,v1.3
321e6de9-488d-40c7-b097-ae35f70f775d,IPTV,Canales,MTV,Canal disponible en la grilla IPTV: MTV.,,,"canal, iptv, musica",,,65,es_CR,v1.3
3afe5e28-fe96-4f5a-9921-62f1690d89a3,IPTV,Canales,MTV00s,Canal disponible en la grilla IPTV: MTV00s.,,,"canal, iptv, musica",,,66,es_CR,v1.3
b7029ba0-0ae0-4572-8df7-165a3d05b401,IPTV,Canales,XM TV,Canal disponible en la grilla IPTV: XM TV.,,,"canal, iptv",,,67,es_CR,v1.3
21421ea7-cd06-4dcf-81c1-cd942b7de46a,IPTV,Canales,Bandamax Lat,Canal disponible en la grilla IPTV: Bandamax Lat.,,,"canal, iptv, musica",,,68,es_CR,v1.3
1662dfb6-3b21-437f-b151-03acde90ef28,IPTV,Canales,FUTV,Canal disponible en la grilla IPTV: FUTV.,,,"canal, deportes, iptv",,,69,es_CR,v1.3
f945e3ff-fe8b-40de-abe2-7a2b6abe5826,IPTV,Canales,Tigo Sports,Canal disponible en la grilla IPTV: Tigo Sports.,,,"canal, deportes, iptv",,,70,es_CR,v1.3
ef2c0795-d1dc-4082-8db1-b1b062429a7b,IPTV,Canales,TDMAS,Canal disponible en la grilla IPTV: TDMAS.,,,"canal, deportes, iptv",,,71,es_CR,v1.3
94af369f-84e3-4589-9a06-862860f838c7,IPTV,Canales,TDMAS 2,Canal disponible en la grilla IPTV: TDMAS 2.,,,"canal, deportes, iptv",,,72,es_CR,v1.3
3284bb32-709c-46f4-87a0-c41e1464456e,IPTV,Canales,Claro Sports,Canal disponible en la grilla IPTV: Claro Sports.,,,"canal, deportes, iptv",,,73,es_CR,v1.3
1755e0b5-c030-48ae-a3ad-69c60a71dbe1,IPTV,Canales,TUDN,Canal disponible en la grilla IPTV: TUDN.,,,"canal, deportes, iptv",,,74,es_CR,v1.3
5ac8e375-07a3-4d62-bf2c-daa472e2f76f,IPTV,Canales,ESPN 1,Canal disponible en la grilla IPTV: ESPN 1.,,,"canal, deportes, iptv",,,75,es_CR,v1.3
5a6b54c6-9f21-47ae-8c5d-772a23cc4806,IPTV,Canales,ESPN 2,Canal disponible en la grilla IPTV: ESPN 2.,,,"canal, deportes, iptv",,,76,es_CR,v1.3
1b5b7155-19a8-4044-848a-f0b68239c6ef,IPTV,Canales,ESPN 3,Canal disponible en la grilla IPTV: ESPN 3.,,,"canal, deportes, iptv",,,77,es_CR,v1.3
b32d59c7-140c-4431-8c22-5f73f563f843,IPTV,Canales,ESPN 4,Canal disponible en la grilla IPTV: ESPN 4.,,,"canal, deportes, iptv",,,78,es_CR,v1.3
ee8e8b97-c761-46b0-99f3-d4a410a680c1,IPTV,Canales,ESPN 5,Canal disponible en la grilla IPTV: ESPN 5.,,,"canal, deportes, iptv",,,79,es_CR,v1.3
6db7c406-3b17-4ff5-a115-7d418979cf57,IPTV,Canales,ESPN 6,Canal disponible en la grilla IPTV: ESPN 6.,,,"canal, deportes, iptv",,,80,es_CR,v1.3
5f981c6a-f715-4edf-9f60-3a86eaf48836,IPTV,Canales,Dw - Español,Canal disponible en la grilla IPTV: Dw - Español.,,,"canal, iptv, noticias",,,81,es_CR,v1.3
505a43d5-a664-4452-afb3-46f30fa8cc84,IPTV,Canales,Enlace,Canal disponible en la grilla IPTV: Enlace.,,,"canal, iptv",,,82,es_CR,v1.3
21a0c80a-a9d9-450e-a3a7-0c5ad81a3174,IPTV,Canales,Enlace +,Canal disponible en la grilla IPTV: Enlace +.,,,"canal, iptv",,,83,es_CR,v1.3
2ff936ac-f9d5-45a2-b8d7-06fe01c5dd70,IPTV,Canales,Telefides,Canal disponible en la grilla IPTV: Telefides.,,,"canal, iptv",,,84,es_CR,v1.3
3617a500-3709-47eb-b418-e9e22617d727,IPTV,Canales,EJTV,Canal disponible en la grilla IPTV: EJTV.,,,"canal, iptv",,,85,es_CR,v1.3
2040ac42-c6c9-4272-95d6-bef0ed5cea02,IPTV,Canales,CNN Español,Canal disponible en la grilla IPTV: CNN Español.,,,"canal, iptv, noticias",,,86,es_CR,v1.3
bbf77bcb-253d-4361-b539-5217e781ef98,IPTV,Canales,CNN,Canal disponible en la grilla IPTV: CNN.,,,"canal, iptv, noticias",,,87,es_CR,v1.3
da1ae04f-1dc4-4750-b972-1a9906a304ee,IPTV,Canales,Bloomberg,Canal disponible en la grilla IPTV: Bloomberg.,,,"canal, iptv, noticias",,,88,es_CR,v1.3
8df99594-4ba8-4268-b35b-065657610c1e,IPTV,FAQ,¿Cuántos canales tiene el IPTV?,El servicio IPTV ofrece 88 canales. Consulta la 'Lista de canales' para verlos todos.,,,"iptv, faq, cantidad",,,,es_CR,v1.3
6268d7f3-add0-4b71-8dec-821a66f10d8f,IPTV,FAQ,¿Cuáles son los canales disponibles en IPTV?,"La grilla incluye 88 canales con cine, deportes, noticias, infantiles y música. Refiérete a la sección 'IPTV > Canales' para la lista completa.",,,"iptv, faq, listado",,,,es_CR,v1.3
96923166-5575-4747-a992-3eae1dc3e6f0,Notas,Disclaimers,Disponibilidad y cambios,La disponibilidad depende de cobertura y evaluación técnica. Precios y promociones pueden variar. La lista de canales IPTV está sujeta a cambios por acuerdos de programación.,,,"disclaimer, cobertura, canales, precios",,,,es_CR,v1.3
